 BARRAS;PRODUCTO;RUBRO;COSTO
7790520000330;RAID ESPIRALES VERDE 4x12x4;INSECTICIDAS RAID / OFF;2.098
7790520000378;FUYI ESP VERDE EST 4x12x4;INSECTICIDAS FUYI;2.414
7790520155246;MM ANTIG  COCINA D PACK x 500 ;LIMPIADORES;4.221
7790520988492;GLADE PASTILLA INODOROS BRISA-PINO;4.684
7790520988515;GLADE PASTILLA INODOROS M DE CAMPO;4.684
7790520987600;GLADE PASTILLA INODOROS LAVANDA;4.684
7790520002013;BRISHINE x  250 CREMA;CUIDADO DE MUEBLES;4.953
7790520982278;KLARO REPUESTO DOY PACK x 500;CUIDADO DE TELAS;5.720
7790520987112;GLADE CANASTA P/ INOD REP 4 FRAG;CUIDADO DE BA•OS;6.030
7790520000347;RAID ESPIRALES VERDE x 12;INSECTICIDAS RAID / OFF;6.325
7799197300000;OFF CREMA x 60;INSECTICIDAS RAID / OFF;6.418
7790520989604;M MUS ADHESIVO 30 gr MARINA;6.654
7790520987891;M MUS ADHESIVO 30 gr LAVANDA;6.654
7790520000392;FUYI ESP LAVANDA x 12;INSECTICIDAS FUYI;7.040
7790520987457;LYSOFORM .x 450 D PACK LAVANDA;7.203
7790520000385;FUYI ESPIRALES VERDE x 12;INSECTICIDAS FUYI;7.268
7790520000354;RAID ESPIRALES COUNTRY FRESH x 12 ;INSECTICIDAS RAID / OFF;7.448
7790520155047;MM MULTIUSO D PACK x 500;LIMPIADORES;7.501
7790520989086;MM MULTIUSO D PACK x 500 F ROJOS;7.512
7790520987105;GLADE CANASTA P/ INOD FULL 4 FRAG;CUIDADO DE BA•OS;7.622
7790520986481;LYSOFORM  x 450 D PACK ORIGINAL;LIMPIADORES;7.646
7790520986504;LYSOFORM .x 450 D PACK BEBE;LIMPIADORES;7.646
7790520986542;LYSOFORM  x 450 D PACK CITRICA;LIMPIADORES;7.646
7790520987464;LYSOFORM  x 450 D PACK  A MONTA•A;7.646
7790520986139;GLADE TOQUE REP. SPA;CUIDADO DE AIRE;8.021
7790520552501;MM ANTIG. COCINA  REPUESTO x 500;LIMPIADORES;8.063
7790520005595;GLADE X 360 AERO TENTA MORAS;8.250
7790520005588;GLADE X 360 AERO BOSQUE ENCANTA;8.250
7790520802170;ZIPLOC C/CIERRE DENT GDE 27x28x5U;BOLSAS;8.377
7790520985323;ZIPLOC C/CIERRE DENT. PEQ. 18X20CM X8U;BOLSAS;8.377
7790520985323;ZIPLOC CIERRE DESLIZ GRANDES X 4 U;BOLSAS;8.377
7790520985330;ZIPLOC CIERRE DESLIZ PEQ X 6 U;BOLSAS;8.377
6001298008123;ZIPLOC MULTI-PACK X9U;BOLSAS;8.377
7790520984418;ZIPLOC S/CIERRE GDE. 25X35CM X20U;BOLSAS;8.377
7790520984401;ZIPLOC S/CIERRE E-GDE. 35X57CM X10U;BOLSAS;8.377
7790520986382;ECHO  x 500  D PACK;CUIDADO DE PISOS;8.510
7790520000149;BLEM  x  200 CREMA;8.645
7790520000156;BLEM  x  200 CREMA LAVANDA;8.645
7790520000125;BLEM  x  200 CREMA JAZMIN;8.645
7790520001009;MM GLADE LIMP LIQ x 900 LAVANDA;8.719
7790520001016;MM GLADE LIMP LIQ x 900 PINO;8.719
7790520001023;MM GLADE LIMP LIQ x 900 FLORAL PERF;8.719
7790520001054;MM GLADE LIMP LIQ x 900 HARMONY;8.719
7790520001061;MM GLADE LIMP LIQ x 900 MA• DE CAMPO;8.719
7790520001078;MM GLADE LIMP LIQ x 900 I LOVE YOU;8.719
7790520001085;MM GLADE LIMP LIQ x 900 BEBE;8.719
7790520005298;MM GLADE LIMP LIQ x 900 PARAI AZUL;8.719
7790520008435;MM GLADE LIMP LIQ x 900 BOS ENCANT;8.719
7790520008435;MM GLADE LIMP LIQ x 900 T MORAS;8.719
0000077929778;LYSOFORM x 55 AERO POCKET CLASICO;8.870
7790520155702;RAID TAB LARGA DUR  X 12;9.089
7790520985934;MM PRELAVADO OXYPOWER DP x 500;PRELAVADO / QUITAM;9.092
7790520987037;LYSOFORM BA•O ACC TOTAL D.PACK x 500;9.148
7790520987051;LYSOFORM COCINA ANTIG. D.P. X 500;9.448
7790520003355;BLEM PISOS PLASTIFICADOS  DP;9.618
7790520009050;BLEM PISOS PLASTIFICADOS DP FLORAL;9.618
7790520984524;MM ANTIG NARANJA D PACK x 500;9.819
7790520985750;GLADE  x 360 AERO CAM DE JAZMIN;CUIDADO DE AIRE;9.939
7790520985743;GLADE  x 360 AERO LAVANDA;CUIDADO DE AIRE;9.939
7790520986764;GLADE  x 360 AERO SPA;CUIDADO DE AIRE;9.939
7790520985811;GLADE  x 360 AERO ANTITABACO;CUIDADO DE AIRE;9.939
7790520985798;GLADE x 360 AERO CA DE ALGODON;CUIDADO DE AIRE;9.939
7790520985804;GLADE x 360 AERO CARICIAS DE BEBE ;CUIDADO DE AIRE;9.939
7790520985781;GLADE x 360 AERO I LOVE YOU ;CUIDADO DE AIRE;9.939
7790520987389;GLADE x 360 AERO B DE LAS CUMBRES ;9.939
7790520988430;GLADE x 360 AERO MA•A DE CAMPO;9.939
7790520988454;GLADE x 360 AERO POTPURRI;9.939
7790520989277;GLADE x 360 AERO HARMONY;9.939
7790520000811;GLADE x 360 AERO VAINILLA;9.939
7790520989413;GLADE x 360 AERO FLORAL PERFECTION;9.939
7790520004437;GLADE x 360 AERO PARAISO AZUL;9.939
0;GLADE X 360 AERO DESPERTAR FLORA;9.939
0;GLADE X 360 AERO SOL PRIMAVERA;9.939
7790520986832;MM PRELAVADO GEL ACTIVO DP x 400 ML;10.208
7790520001221;MR MUSCULO CREMA x 450 LAVANDA;10.308
7790520001245;MR MUSCULO CREMA x 450 CITRUS;10.308
7790520001252;MR MUSCULO CREMA x 450 M CAMPO;LIMPIADORES;10.308
7790520005168;MR MUSCULO CREMA x 450 FLORAL P;10.308
7790520987440;LYSOFORM  x 800 D PACK ORIGINAL;10.560
7790520803405;ZIPLOC FILM REPUESTO x 10 MTS.;10.903
7790520006370;MR MUSCULO CREMA x 450 Desinfect;11.064
7790520984579;BAYGON CEBOS CUCARA x 4;BAYGON;11.294
7790520972255;GLADE TOQUE REP. LAVANDA;CUIDADO DE AIRE;11.458
7790520989437;GLADE TOQUE REP FLORAL PERFECTION;11.458
7790520982261;GLADE TOQUE REP. BEBE;CUIDADO DE AIRE;11.458
7790520986146;GLADE TOQUE REP. I LOVE YOU;CUIDADO DE AIRE;11.458
7790520987426;GLADE TOQUE REP. BRISA  DE LAS CUMBRES;11.458
7790520988010;GLADE TOQUE REP. MA•ANA DE CAMPO;11.458
7790520985170;GLADE TOQUE REP COCINA (T&F CITRIC);CUIDADO DE AIRE;11.458
7790520988478;GLADE TOQUE REP POTPOURRI ;11.458
7790520000309;GLADE TOQUE REP HARMONY;11.458
7790520004437;GLADE TOQUE REP PARAISO AZUL;11.458
7790520005618;GLADE TOQUE REP NARANJA Y ESP;11.458
7790520005625;GLADE TOQUE REP CALIDEZ HOGAR;11.458
7790520005625;GLADE TOQUE REP DESPERTAR FLORAL;11.458
7790520005618;GLADE TOQUE REP SOL PRIMAVERA;11.458
7790520005625;GLADE TOQUE REP TENTA MORAS;11.458
7790520005618;GLADE TOQUE REP BOSQUE ENCANTAD;11.458
7790520984630;KLARO REPUESTO DOY PACK x 900;CUIDADO DE TELAS;11.532
7790520989185;MM MULTIUSO REPUESTO x 500 F ROJOS;11.677
7790520001598;GLADE ULTRA HARMONY;11.712
7790520985485;GLADE ULTRA CAMPOS DE LAVANDA;CUIDADO DE AIRE;11.712
7790520001611;GLADE ULTRA MA•ANA DE CAMPO;CUIDADO DE AIRE;11.712
7790520985515;GLADE ULTRA SPA x 120;CUIDADO DE AIRE;11.712
7790520995508;GLADE ULTRA I LOVE YOU x 120;CUIDADO DE AIRE;11.712
7790520981974;BRISHINE x  400 AEROSOL;CUIDADO DE MUEBLES;11.908
7790520550507;MM MULTIUSO REPUESTO x 500;LIMPIADORES;11.911
7790520987433;LYSOFORM  x 900 ORIGINAL BOTELLA;11.918
7790520987488;M MUS BLOQUE MOCHILA AZUL x 45G;CUIDADO DE BA•OS;12.024
7790520985194;GLADE CANASTA 2 EN 1 REPUESTO x 35G;CUIDADO DE BA•OS;12.082
7790520989048;LYSOFORM MANUAL INOD.GEL 500ML;CUIDADO DE BA•OS;12.101
7790520989055;LYSOFORM MANUAL INOD GEL LAVANDA;12.101
7790520200723;KLARO  REPUESTO x 500;CUIDADO DE TELAS;12.244
7790520552006;MM ANTIG. COCINA GATILLO x 500;12.256
7790520988003;GLADE TOQUE FULL MA•ANA DE CAMPO;12.275
7790520986443;CERAMICOL  x 500 D PACK ;CUIDADO DE PISOS;12.539
8002030138281;GLADE DEO SMILE VAINILLA-FISH;12.543
8002030138250;GLADE DEO SMILE 8CITR-4BRISA;12.543
7790520989116;M.MUS BA•O D.PACK 500;12.716
7805050148244;LYSOFORM BLOQUE PARA MOCHILA;CUIDADO DE BA•OS;12.759
7790520986429;BLEM  x 450 D PACK ROJO;12.862
7790520986405;BLEM  x 450 D PACK INCOLORO;CUIDADO DE PISOS;12.862
7790520988997;BLEM  x 450 D PACK FLORAL;12.862
7790520984371;MM ANTIG NARANJA REPUESTO x 500;12.876
7790520989093;MM MULTIUSO D PACK x 900 F ROJOS;12.904
7790520004741;FUYI TABLETAS 4x20x16;13.157
7790520001368;LYSOFORM PA•OS x 35u;13.472
7790520150509;MM GEL LIMPIADOR C/ LAVAND.x 500;LIMPIADORES;14.267
7790520007810;FUYI MMM AEROSOL x 400;INSECTICIDAS FUYI;14.374
7790520552815;MM CANASTA LIQ. REP. MARINA x 55CC;CUIDADO DE BA•OS;14.568
7790520552839;MM CANASTA LIQ. REP. PINO x 55CC;CUIDADO DE BA•OS;14.568
7790520000798;ZIPLOC POTE HERMETICO 600 x 1;14.576
7790520984623;MM MULTIUSO D PACK x 900;LIMPIADORES;14.750
7790520200303;KLARO  AEROSOL x 400;CUIDADO DE TELAS;14.913
7790520000804;ZIPLOC POTE HERMETICO 900 x 1;15.189
7790520986627;ECHO LISTO  x 1L LAVANDA;CUIDADO DE PISOS;15.316
7790520986634;ECHO LISTO  x 1L FLORAL;CUIDADO DE PISOS;15.316
7790520986641;ECHO LISTO  x 1L NARANJA;CUIDADO DE PISOS;15.316
7790520988225;GLADE CAN.LIQ. REP. MA•ANA DE CAMPO;15.584
7790520988546;GLADE CAN.LIQ. REP. BRISA DE CUMBRES;15.584
7790520000538;GLADE CAN.LIQ. REP. I LOVE YOU;15.584
7790520552891;GLADE CAN.LIQ. REP. LAVANDA;CUIDADO DE BA•OS;15.584
7790520981882;LYSOFORM CAN LIQ P/ INOD RPTO.;CUIDADO DE BA•OS;15.962
7790520010520;RAID EXTERMINADOR  AERO x 400;INSECTICIDAS RAID / OFF;16.302
7790520989079;MM MULTIUSO GATILLO x 500 F ROJOS;16.486
7790520000323;MM MULTIUSO GATILLO x 500;16.624
7790520988249;LYSOFORM CAN LIQ ELIM OLOR RPTO;16.770
7790520000590;M MUS DISCOS ACTIVOS RPTO MARINA;17.001
7790520989789;M MUS DISCOS ACTIVOS RPTO LAVANDA;17.001
7790520000576;M MUS DISCOS ACTIVOS RPTO CITRICA;17.001
7790520552808;MM CANASTA LIQ. AP. MARINA x 55CC;CUIDADO DE BA•OS;17.042
7790520986788;LYSOFORM x 360 AERO CLASICO;CUIDADO DE AIRE;17.063
7790520986795;LYSOFORM x 360 AERO AIRE DE MONTANA;CUIDADO DE AIRE;17.063
7790520986801;LYSOFORM x 360 AERO BEBE;CUIDADO DE AIRE;17.063
7790520000446;LYSOFORM x 360 AERO LAVANDA;17.063
7790520985941;LYSOFORM x 327 AERO CITRICO;CUIDADO DE AIRE;17.063
7790520009623;LYSOFORM x 390 AERO FLORAL;17.063
7790520985910;MM PRELAVADO OXYPOWER GATILLO x 500;PRELAVADO / QUITAM;17.327
7790463001005;BRILLO PARA LAMPAZOS x 1L;17.535
7790520000293;GLADE TOQUE FULL HARMONY;17.536
7790520972200;GLADE TOQUE FULL LAVANDA;17.536
7790520001344;GLADE TOQUE FULL C DE BEBE;17.536
7790520989420;GLADE TOQUE FULL FLORAL PERFECTION;17.536
7790520985163;GLADE TOQUE FULL COCINA (T&F CITRIC);CUIDADO DE AIRE;17.536
7790520001115;MM GLADE LIMP LIQ x 1800 LAVANDA;17.610
7790520001139;MM GLADE LIMP LIQ x 1800 PINO;17.610
7790520001146;MM GLADE LIMP LIQ x 1800 FLORAL PERF;17.610
7790520005311;MM GLADE LIMP LIQ x 1800 PARAI AZU;17.610
7790520004307;BLEM  x 235 AERO ELECTRONICX;17.780
7790520987358;MM ANTIG NARANJA D PACK x 900;17.827
7790520508485;RAID MMM x 400CM3;INSECTICIDAS RAID / OFF;17.946
7790520155450;RAID TAB LARGA DUR  X 24;INSECTICIDAS RAID / OFF;18.019
7790520986467;BLEM  x 500 D PACK REVOLUTION;CUIDADO DE PISOS;18.046
7790520989222;GLADE SENSATIONS REP HARMONY;18.047
7790520002136;GLADE SENSATIONS REP FLORAL P;18.047
7790520004055;GLADE SENSATIONS REP M CAMPO;18.047
7790520989239;GLADE SENSATIONS REP LAVANDA;18.047
7790520987617;GLADE SENSATIONS REP ALGOD‡N;18.047
7790520989215;GLADE SENSATIONS REP NECTAR FLORES;18.047
7790520003676;GLADE SENSATIONS REP I LOVE YOU;18.047
7790520004208;GLADE SENSATIONS REP PARAISO AZUL;18.047
7790520981967;MM LIMPIAHORNOS AERO x 400ML;LIMPIADORES;18.056
7790520552877;GLADE CAN.LIQ. FULL LAVANDA ;CUIDADO DE BA•OS;18.176
7790520988218;GLADE CAN.LIQ. FULL MA•ANA DE CAMPO;18.176
7790520000521;GLADE CNA LIQ  FULL I LOVE YOU;18.176
7790520981936;BLEM  x 400 AERO MARRON;CUIDADO DE MUEBLES;18.334
7790520984357;BLEM  x 400 AERO NARANJA;CUIDADO DE MUEBLES;18.334
7790520987297;BLEM  x 400 AERO LAVANDA;18.334
7790520986771;RAID SIST EXTERM. CEBO EST x 6;INSECTICIDAS RAID / OFF;18.544
7790520000934;RAID HORMIGAS LIQUIDO REP;18.588
7790520986757;BLEM PISOS PLASTIFICADOS x 1L;18.852
7790520002549;M MUS BLOQUE MOCHILA TWIN x 96G;18.879
7790520000941;RAID HORMIGAS POLVO X 250;18.965
7790520987044;LYSOFORM COCINA ANTIG. GAT X 500;19.017
7790520988461;GLADE TOQUE REP TWIN PACK POTPOURRI;19.470
7790520985019;GLADE TOQUE REP TWIN PACK LAVANDA;CUIDADO DE AIRE;19.470
7790520007087;GLADE TOQUE REP TWIN PACK COCINA;19.470
7790520003379;RAID TAB LARGA DUR X  24 FRESCH;19.586
7790520986603;ECHO  x 1L TRADICIONAL;CUIDADO DE PISOS;20.422
7790520986610;ECHO  x 1L LAVANDA;20.422
7790520986030;MM ANTIG NARANJA GATILLO x 500;20.452
7790520986153;RAID CASA Y JARDIN AERO x 360;INSECTICIDAS RAID / OFF;20.492
7790520988232;LYSOFORM CAN LIQ ELIM OLOR FULL;20.532
7790520986818;MM PRELAVADO GEL ACTIVO GATILLO ;20.651
7790520985675;MR MUSCULO OXY POWER POLVO x 250G.;PRELAVADO / QUITAM;20.686
7790520002303;OFF REPEL CREMA x200 ;INSECTICIDAS RAID / OFF;21.146
7790520009036;OFF REPEL CREMA x 200 FRESH;21.146
7790520989772;M MUS DISCOS ACTIVOS FULL LAVANDA;21.174
7790520000552;M MUS DISCOS ACTIVOS FULL MARINA;21.174
7790520989123;M.MUS BA•O D.PACK 900;21.205
7501032905521;GLADE REFRESH AIR MONTANA      ;21.338
7501032905538;GLADE REFRESH AIR MANANTIAL   ;21.338
7501032905545;GLADE REFRESH AIR CITRICA        ;21.338
7501032905552;GLADE REFRESH AIR MANZANA     ;21.338
7790520004482;GLADE ESENCIAS FLORAL;21.339
7790520004499;GLADE ESENCIAS PRIMAVERA;21.339
7790520004505;GLADE ESENCIAS BRISA DEL MAR;21.339
7790520986160;RAID MAX JERINGA GEL x 3G;INSECTICIDAS RAID / OFF;21.574
7790520007711;RAID MMM DOBLE ACCION x 400ML;INSECTICIDAS RAID / OFF;21.786
7790520987020;LYSOFORM BA•O ACC TOTAL GAT X 500;21.810
7790520270733;GLO COT CERA P/MADERA NATURAL;22.212
7790520508607;RAID MMM SIN OLOR;22.222
7790520000910;RAID MATA HORMIGAS AERO;22.244
7790520011770;RAID ANTIPOLILLA x 400;INSECTICIDAS RAID / OFF;22.322
7790520004758;FUYI TABLETAS 4X20X28;INSECTICIDAS FUYI;22.661
7790520002730;GLADE TOQUE REP PROMO(3x2)fl-ha-la;22.917
7790520007070;GLADE TOQUE REP PROMO(3x2)Pa-la;22.917
7790520011732;RAID ANTIPOL. CONTINUO PERCHA x 2 Uni;INSECTICIDAS RAID / OFF;22.966
7790520145208;RAID TAB AP MAZDA S/CABLE;INSECTICIDAS RAID / OFF;22.983
7790520986825;MM DESTRUCTOR DE SUCIED GATILLO*500;24.647
0000077931276;OFF REPEL CREMA x 90 Extra Duraciïn;25.197
0000077900098;OFF KIDS CREMA X 90;25.197
7790520986726;CERAMICOL  x 1L INCOLORO;CUIDADO DE PISOS;25.331
7790520986733;CERAMICOL  x 1L ROJO;CUIDADO DE PISOS;25.331
7790520986740;CERAMICOL  x 1L NEGRO;CUIDADO DE PISOS;25.331
7790520986658;BLEM  x 1L INCOLORO;CUIDADO DE PISOS;25.673
7790520989000;BLEM  x 1L FLORAL;25.673
7790520986665;BLEM  x 1L ROJO;CUIDADO DE PISOS;25.673
7790520986672;BLEM  x 1L NEGRO;CUIDADO DE PISOS;25.673
7790520200716;KLARO  GATILLO x 500;CUIDADO DE TELAS;26.105
7790520989109;M.MUS BA•O GATILLO 500;27.300
7790520985347;BAYGON JERINGA x 6G;BAYGON;27.701
7790520004567;GLADE SENSATIONS BA•O FULL HARMO;27.791
7790520004574;GLADE SENSATIONS BA•O FULL LAVAN;27.791
7790520161055;OFF AEROSOL x 165;INSECTICIDAS RAID / OFF;27.848
7790520982100;RAID MAX AEROSOL x 400;INSECTICIDAS RAID / OFF;28.454
7790520000927;RAID HORMIGAS LIQUIDO GATILLO;29.743
7790520002150;GLADE GLASS SENSAT FULL FLORAL PE;30.878
7790520989246;GLADE GLASS SCENTS FULL HARMONY;30.878
7790520987365;MR MUSCULO OXY POWER POLVO x 400G;PRELAVADO / QUITAM;30.993
7790520989451;GLADE SENSATIONS ELECTRIC M CAMPO;31.016
7790520989468;GLADE SENSATIONS ELECTRIC N FLORES;31.016
7790520018021;BLEM CERA  P/MAD.  x 900 UNIVERSAL;CUIDADO DE PISOS;31.257
7790520018038;BLEM CERA  P/MAD.  x 900 R CLARO;CUIDADO DE PISOS;31.257
7790520018045;BLEM CERA  P/MAD.  x 900 R OSCURO;CUIDADO DE PISOS;31.257
7790520986702;BLEM  x 1L REVOLUTION;CUIDADO DE PISOS;31.493
7790520002402;OFF REPEL SPRAY STD BP x 200;INSECTICIDAS RAID / OFF;31.642
7790520002044;GLADE SENSATIONS CAR FULL M CA;32.352
7790520002068;GLADE SENSATIONS CAR FULL NECT;32.352
7790520988355;GLADE AUTO REP VAINILLA;33.484
7790520000064;GLADE AUTO REP M CAMPO;33.484
7790520986856;GLADE AUTO REP ACQUA;33.484
7790520001764;GLADE AUTO REP NEUTRALIZADOR;33.484
7790520001771;GLADE AUTO REP ATTRACTION;33.484
7790520001740;GLADE AUTO REP FLORAL FRESH;33.484
7790520987136;GLADE AUTO REP I LOVE YOU;33.484
7790520002112;GLADE AUTO REP FLORAL PERFECTION;33.484
7790520004222;GLADE AUTO REP PARAISO AZUL;33.484
7790520004376;RAID 45 NOCHES REPUESTO ;INSECTICIDAS RAID / OFF;34.321
7790520002174;GLADE ACEITE REP FLORAL PERFECTION;34.954
7790520000255;GLADE ACEITE REP HARMONY;34.954
7790520001856;GLADE ACEITE REP MIX (SPA+I LOVE Y);34.954
7790520002365;GLADE ACEITE REP MA•ANA DE CAMPO;34.954
7790520001801;GLADE ACEITE REP MANZANA Y CANELA;34.954
7790520002358;GLADE ACEITE REP LAVANDA;34.954
7790520000972;GLADE ACEITE REP VAINILLA;34.954
7790520004239;GLADE ACEITE REP PARAISO AZUL;34.954
0;GLADE ACEITE REP DESPERTAR FLORAL;34.954
7790520005649;GLADE ACEITE REP TENTACION MORAS;34.954
7790520005632;GLADE ACEITE REP BOSQUE ENCANTA;34.954
7790520004413;FUYI  45 N. REPUESTO;INSECTICIDAS FUYI;35.349
7790520001412;GLADE SENSE SPRAY REP M CAMPO;35.938
7790520001481;GLADE SENSE SPRAY REP LAV y VAIN;35.938
7790520001566;GLADE SENSE SPRAY REP FLORAL;35.938
7790520001436;GLADE SENSE SPRAY REP LINO FRESCO;35.938
7790520004215;GLADE SENSE SPRAY REP PARAISO AZ;35.938
7790520986689;BLEM  x 1L  ACRILICO;CUIDADO DE PISOS;36.489
7790520000835;MM GLADE LIMP LIQ x 4000 LAVANDA;37.050
7790520000903;MM GLADE LIMP LIQ x 4000 FLORAL PERFEC;37.050
7790520000842;MM GLADE LIMP LIQ x 4000 HARMONY;37.050
7790520001122;MM GLADE LIMP LIQ x 4000 MA• CAMPO;37.050
7790520221001;ECHO  x 2L TRADICIONAL;CUIDADO DE PISOS;37.184
7790520001337;OFF AEROSOL PROT. INTENS. X 165;INSECTICIDAS RAID / OFF;37.299
7790520000026;GLADE AUTO FULL MA• DE CAMPO;37.374
7501032920142;GLADE AUTO FULL ACQUA ;CUIDADO DE AIRE;37.374
7790520987167;GLADE AUTO FULL NEUTRALIZDOR;37.374
7790520002082;GLADE AUTO FULL F PERFECTION;37.374
7790520004383;RAID 45 NOCHES APARATO + REPUES;38.627
7790520004406;FUYI  45 N. APARATO;INSECTICIDAS FUYI;39.786
7790520001603;OFF REPEL SPRAY STD BP x 200 E DURAC;41.369
7790520988300;GLADE ACEITE FULL MIX (MC-VA-HAR);CUIDADO DE AIRE;42.189
7790520002167;GLADE ACEITE FULL FLORAL PERFECTION;42.189
7790520004147;GLADE AUTOMATICO REP MANZANA;48.334
7790520004109;GLADE AUTOMATICO REP ALGOD‡N;48.334
7790520004093;GLADE AUTOMATICO REP HAW. BRE;48.334
7790520004086;GLADE AUTOMATICO REP LAVANDA;48.334
7790520988539;RAID TAB AP C/CABLE ;49.188
7790520030047;RAID MATAPULGAS AERO x 400;INSECTICIDAS RAID / OFF;50.050
7790520003430;RAID PAPEL INSECTICIDA x 10;51.680
7790520982001;BLEM  x 2L INCOLORO;CUIDADO DE PISOS;52.714
7790520000781;RAID TAB LARGA DUR  X 72;56.299
7790520146205;FUYI  APAR C/ CABLE ;INSECTICIDAS FUYI;60.933
7790520222701;ECHO  x 5L TRADICIONAL;CUIDADO DE PISOS;67.482
7790520006059;"RAID 45 NOCHES ADVANCE FULL ""NUEVO""";68.407
7790520982056;BLEM  x 5L BIDON INCOLORO;CUIDADO DE PISOS;87.214
7790520001399;GLADE SENSE SPRAY FULL M CAMPO;95.288
7790520161918;FUYI TABLETAS 10 x 120;INSECTICIDAS FUYI;104.538
7790520004079;GLADE AUTOMATICO FULL MANZANA;143.832
7790520007735;GLADE AUTOMATICO FULL LAV/VAIN;151.023
;;
;;
;;
;;
;;
;;
;;
;;
;;
;;
;;
;;
;;
;;
;;
;;
;;
;;
;;
;;
;;
;;
;;
;;
;;
;;
;;
;;
;;
;;
;;
;;
;;
;;
;;
;;
;;
;;
;;
;;
;;
;;
;;
;;
;;
;;
;;
;;
;;
;;
;;
;;
;;
;;
;;
;;
;;
;;
;;
;;
;;
;;
;;
;;
;;
;;
;;
;;
;;
;;
;;
;;
;;
;;
;;
;;
;;
;;
;;
;;
;;
;;
;;
;;
;;
;;
;;
;;
;;
;;
;;
;;
;;
;;
;;
;;
;;
;;
;;
;;
;;
;;
;;
;;
;;
;;
;;
;;
;;
;;
;;
;;
;;
